Date,A,ADI,AMAT,ATVI,BA,BXP,CAT,CHRW,CNC,CVS,EQIX,F,FDS,FE,FLT,FRC,INTC,INTU,KMX,LKQ,LUV,MRK,MSCI,NOW,PHM,PNC,PWR,SHW,SPGI,STE,SWKS,TFC,TSN,TT,WBA,Mkt-RF,SMB,HML,RF
2015-02,0.1175535761953197,0.12339282728579493,0.09676002932172723,0.1157894794480443,0.037696988170843104,-0.010014404604372529,0.03663874278417856,0.04324630410367569,0.12605344489936265,0.05817032265124866,0.03375445930474785,0.11080898097987024,0.08329275728737628,-0.1326556421006354,0.09202841762121894,0.11940302532773295,0.006355904317604466,0.12451045377322423,0.08067636488458674,-0.04765593055743278,-0.04293932301029091,-0.028865289237507974,0.04254925545359245,0.046090542387146494,0.09567747929845893,0.08776908077348389,0.0868580507616934,0.051351054217413816,0.15272803734172258,-0.010732974003908935,0.056592375382732873,0.07820907480676276,0.05814550216521197,0.011897564621203616,0.12650849940413145,6.13,0.6,-1.86,0.0
2015-03,-0.015636101912518074,0.07618720558116143,-0.09940119149521975,-0.025300178400895934,-0.005104436468716833,0.02234183817488855,-0.03462005661949352,-0.014535690265077839,0.15017903505412633,-0.006354131555379117,0.03867434075739906,-0.01223994865800404,0.023465084055767305,0.0022870735306355083,-0.016359216754574857,0.0015789500454015393,-0.05954885841312263,-0.006862626116911574,0.028311749494841054,0.039869794356312216,0.024514281162056895,-0.01810730064049526,0.09267511506638848,0.03304480163224621,-0.014627656538921396,0.013919082123099003,-0.008686587701021264,-0.002454380527131206,0.002909825957302159,0.08911965745766848,0.1201139705473202,0.02470440105792937,-0.07286376267652672,0.01324599321128117,0.019258527188946495,-1.12,3.07,-0.41,0.0
2015-04,-0.004332137388229573,-0.018412695990668415,-0.122783626595238,0.003959531649820436,-0.044909417716767486,-0.05815773360921095,0.0855928849007197,-0.12059548871679049,-0.12307257691992213,-0.037980798408272176,0.0991195446308264,-0.021065626503780188,-0.011369331616144396,0.02424410840920932,0.06606149842078812,0.021019456292382888,0.040933762729737255,0.034756629315209064,-0.013041609882901373,0.059076692505172,-0.08442433246456404,0.036186513494531614,-0.0019573111057588077,-0.049758799564433076,-0.13180388508820562,-0.01619470765156117,0.013319283267472004,-0.022847153196763115,0.00870407652415417,-0.05365016113798826,-0.06145081757317572,-0.017953340159152842,0.031331613233513744,-0.03290247405046853,-0.020666036770113694,0.59,-3.04,1.83,0.0
2015-05,-0.00435098645934584,0.09896505363492714,0.017180304674594193,0.1069237759284909,-0.019673448705706753,-0.017232248668791472,-0.01795577357171685,-0.041310760562605964,0.21535722371275812,0.03112092163761271,0.047434904059161065,-0.039873424483270026,0.049431341314361665,-0.0064048884214323865,-0.05438498373543388,0.03877162954257529,0.05867895214072494,0.038074350893132713,0.04301865040257358,0.0554118957115024,-0.08653851127682222,0.022330439736816254,0.014054594372489237,0.023376970154045384,-0.006217561483336187,0.04317016177426458,0.014181938760847501,0.03661870713868476,-0.005273279344823023,0.0049624335496945005,0.1854742613588245,0.030817453041565912,0.07468356361872042,0.0446537102188489,0.035089786832344094,1.36,0.92,-1.12,0.0
2015-06,-0.06336481871018773,-0.05547375947401634,-0.045206154264809895,-0.041567740890541494,-0.01280958580294167,-0.06913787547616979,-0.005860290691378611,0.01069171962265325,0.06716227016118737,0.024418832458178663,-0.052486316782174414,-0.010547122386778351,-0.016104641833249667,-0.08772424443228477,0.02576573014770256,0.04095787900057335,-0.11723735100152965,-0.03245323891783758,-0.0679898897636273,0.05880295145680847,-0.10688256858347056,-0.06503536535379106,-0.00805801782671689,-0.030022229910373288,0.05057347747240315,-0.00041802606862550995,-0.017053206180225988,-0.04566589064883686,-0.03180725833019582,-0.03576237205095878,-0.04809804413747032,0.021281989526447997,0.004240289798367325,-0.01977317077634555,-0.01630934245352944,-1.53,2.9,-0.78,0.0
2015-07,0.061430762555771956,-0.09129148445975954,-0.09677412952406095,0.06526236641074634,0.03928775158797215,0.018506261127119394,-0.07297810025556939,0.12437894233283142,-0.12773636912376496,0.07236846077470505,0.09807088055948565,-0.011992025478416046,0.01938347955048969,0.04331796867776028,-0.007945599473109244,0.012057784403449956,-0.04832344870702521,0.049617943500686046,-0.025675834039406653,0.039999969734633156,0.09398611653098876,0.03565783133274647,0.10739243715650293,0.08329972607690372,0.028287826581397946,0.026450587965880512,-0.04163771229346436,0.009962959624767675,0.012941792844729072,0.07278079817387062,-0.08097983120788854,-0.000992332278952679,0.0403471114921532,-0.08929103188493448,0.1443627955893354,1.54,-4.2,-4.07,0.0
2015-08,-0.11330889629305518,-0.04234529647122531,-0.07315670582444478,0.11012012967899443,-0.09357013015534499,-0.08030500992786727,-0.027851899892016307,-0.038774072153080374,-0.11992009642214785,-0.0895349834225001,-0.03277047982656922,-0.06473365091609973,-0.04672223422710453,-0.05889281666425161,-0.03655860608672101,-0.05455399737091471,-0.014162343233405816,-0.18927859769747646,-0.05441020027899146,-0.04672598080525758,0.013812154405032029,-0.0866689209681979,-0.11208924286770294,-0.11850932814319681,-0.0014478175816126093,-0.07190871396057197,-0.12237512546755769,-0.07902512624098512,-0.04678134777622078,-0.07348465794144077,-0.08696560942890152,-0.08318853366619494,-0.046674177362871716,-0.09951140076885245,-0.10431537295012816,-6.04,0.36,2.8,0.0
2015-09,-0.054530417718264834,0.009846029914984067,-0.0870106003062664,0.07893818704608457,0.0020661485123496526,0.04427592515495138,-0.1449503071320265,0.005190545343868758,-0.12135452900727384,-0.05781248125713345,0.013455925531540514,-0.021629429935843936,0.011968081380209217,-0.020337911049755575,-0.0773666416036255,0.040789239404031896,0.056061612571659314,0.03498542274052485,-0.027540988609438988,-0.05435142291452666,0.03651226497905302,-0.0828225957744746,-0.017514893676029986,-0.021279624516805873,-0.0879651835594849,-0.021071178012139202,-0.0012376521010224462,-0.12911920886924533,-0.10815546030327372,0.014363749025927186,-0.03594733193474198,-0.03575297292226076,0.01939450611398197,-0.0817507134707004,-0.03986140330432553,-3.07,-2.63,0.58,0.0
2015-10,0.09991250531701867,0.06576846471384723,0.14159298412492527,0.12528323108940054,0.13073700477246453,0.06292227071140566,0.1167380229829671,0.02360576132984238,0.09680988464532625,0.023839089369165123,0.0851499608595867,0.0913780952600487,0.09580125018761976,-0.0035132131868153005,0.052608674248236786,0.04046514389527811,0.12342406423474439,0.09780282034000876,-0.005225916636645955,0.044076162662131324,0.21687696638914855,0.10670174652733899,0.1268079554595274,0.1756660203560385,-0.028616899391154527,0.011883466639615925,-0.1693514510188756,0.19772870897107242,0.07098265190345021,0.15360928951866581,-0.08276928270372486,0.04353941343240697,0.029234389346603384,0.1672246597562561,0.01901325944725163,7.75,-1.87,-0.45,0.0
2015-11,0.10752122758903138,0.025116469778073025,0.11926058112145732,0.08342927692497626,-0.017694402960619193,-0.006833536915206273,-0.004658122315953528,-0.0281060395710252,-0.029085399387198563,-0.047479272113427284,-0.0006066896326842874,-0.03241056598991421,-0.03192094845679894,0.006089699425093409,0.06109351143329489,0.054356196362936204,0.026875364176275562,0.02843063362814391,-0.028978124607888067,-0.0040527131631143964,-0.008857201108297685,-0.030186627752575967,0.046567205172866055,0.06564605646275123,0.06273865920986643,0.05816529886711175,0.09646934698303178,0.034628723447053034,0.041342852507430417,0.01907939110609025,0.07483167968869231,0.03956924214341817,0.12714155347266431,-0.009956098342567055,-0.007675974533967733,0.56,3.6,-0.38,0.0
2015-12,-0.0002390799044993397,-0.10238522252039262,-0.005327670699569076,0.027881020746544083,-0.005912689091754242,0.020401656895275178,-0.0645561230956837,-0.08023134840467816,0.13956705729166674,0.03911149376561118,0.019898798976338616,-0.01674806506601112,-0.041054630479523624,0.01083148006367951,-0.07013215514428439,-0.04066225714405369,-0.009203327311224307,-0.036926118372572425,-0.05811514940132223,0.004747351330451677,-0.06146468241440395,-0.0035842212814326535,0.028665066002638184,-0.00517187181460077,-0.08521559991892791,-0.0020940694499351764,-0.08163262128531945,-0.0596587606935749,0.021872090635972175,-0.013616142353039984,-0.0745602874283986,-0.020973526178039714,0.0666000366210937,-0.05761038160379384,0.013447636549185571,-2.17,-2.81,-2.59,0.01
2016-01,-0.09949772089865538,-0.02639188525898084,-0.05463312552734312,-0.10049081585250652,-0.16916799020668327,-0.08883488905224968,-0.08416712011570271,0.044340473476383035,-0.056982165695477094,-0.012069145399315695,0.027017240716384006,-0.15259052866721956,-0.07301476189457146,0.04191622597675426,-0.14055829684020382,0.02936727994404653,-0.09956459301056675,-0.010259045220409657,-0.1813970853084187,-0.07526154591286971,-0.12633539869742183,-0.040704321698834534,-0.04561210371280644,-0.28130775370734296,-0.05948369719951552,-0.09086136034565462,-0.07654317220052087,-0.015138646759942143,-0.1375533063108202,-0.08096626985171795,-0.10295462024721902,-0.1362073879615584,0.0005625122495196422,-0.06909019923819382,-0.0638797816753347,-5.77,-3.39,2.07,0.01
2016-02,-0.007968208223088746,-0.01615296921696574,0.06912188368674399,-0.09046523969379883,-0.01623238985120934,-0.017812578187179406,0.0877248573671614,0.07812267176533738,-0.08217857196202494,0.006004781582408691,-0.022152830989987216,0.047738749458166696,-0.0013934403406142826,0.012401688759255292,0.03948230420143384,-0.09499998653636255,-0.046099299937885085,0.011831192839951932,0.04708008152987153,0.007299298019120881,0.11509840388072967,-0.009078334054731463,0.024404421768556617,-0.11605847150394732,0.0256563424405436,-0.06162728070685963,0.08502674265869703,0.058004405037495044,0.05551636564417639,-0.07105716812160312,-0.0358386721753583,-0.015309246856583192,0.213455758233984,0.07946371310624922,-0.009784229394797284,-0.08,0.81,-0.57,0.02
2016-03,0.066934407018308,0.11700314685518576,0.12241650043488961,0.06851910549625373,0.07412423518031441,0.11336956816717669,0.13057613538806345,0.06301018774887313,0.08093400078035207,0.0675106031862085,0.08897227039564815,0.07913667090369447,0.006910713324281614,0.07469375287783397,0.1649306692452892,0.08287290214898735,0.09327469777967612,0.07626244612095334,0.10462603389968028,0.15688405303838904,0.06793798384478,0.053774149543302174,0.050482208699003106,0.11256589266722816,0.08842341496171269,0.040093496914462845,0.11187769581015039,0.05238449611091256,0.10296418222776116,0.10463313726469359,0.17231008432634098,0.034514944515488866,0.0294981260557432,0.11609072822596911,0.06713953963071173,6.96,0.75,1.1,0.02
2016-04,0.026850683457844582,-0.04848790333625219,-0.0335222370911763,0.018617052756338515,0.0619190204756741,0.014006914964191486,0.015416779344934683,-0.04391758034220761,0.0063342438132449885,-0.031138564083712517,-0.001088522756686694,0.004444475527162872,-0.0051474875310527635,-0.09396722139030178,0.03986549698004205,0.05522209392077837,-0.06398756986438547,-0.02999714145275667,0.03620356837692018,0.0037581876209789034,-0.004241040846978628,0.03647702226785965,0.02510799897917715,0.16835572083000527,-0.017103137919968425,0.037956711553223554,0.05141843416988112,0.009273867204956154,0.07951096029778215,-0.00534841472892944,-0.1422336535818146,0.06342051642079816,-0.012601318948961104,0.05692627938342931,-0.05887938283775629,0.92,0.67,3.21,0.01
2016-05,0.121456535755051,0.03870739199198048,0.19296535883919153,0.1389613266956644,-0.06416914933271667,-0.025065988992973187,-0.06703549926199448,0.0565027767684565,0.006294373715479473,-0.040298537828435954,0.0958074566723841,-0.0051622895525333945,0.055190761686359835,0.006750574399296383,-0.03743207628842471,0.029721330721777406,0.043262861170281885,0.057191042792819724,0.013408858814778268,0.031825288051308576,-0.0477471651865653,0.025893500545105308,0.05069789768694921,0.00209840360156921,0.020119676536893616,0.022328538525053343,0.013069198240511115,0.01315654359816354,0.0464202073495954,-0.017546312380045115,-0.0008978982171171657,0.02798184945962956,-0.030993633014066435,0.019377482252250333,-0.02371338650813537,1.78,-0.19,-1.65,0.01
2016-06,-0.03334057092277931,-0.03179488222823179,-0.01842754961234816,0.009424420845659975,0.029488652765061296,0.04990843572509762,0.045510899533050875,-0.009735973916385365,0.14466727334732443,-0.007361317853163407,0.07107737841527095,-0.06819867249098466,0.014773311979151327,0.06400482737652657,-0.03868624172508661,-0.033420876618546314,0.03830323135891245,0.04640912036646272,-0.08628403058667788,-0.041427243559944316,-0.07697741273543157,0.023995770543455253,-0.03346281662249895,-0.07301404339073181,0.03891255508155389,-0.09304656421762869,-0.03786932257217268,0.008863244575604945,-0.04069399447020705,-0.009794041512125595,-0.0521270707845739,-0.020896297603872904,0.04719351197616395,-0.046849255322288674,0.07583972870110145,-0.05,0.59,-1.45,0.02
2016-07,0.08453561651044983,0.12694213486733008,0.09678772084404286,0.013373675624835935,0.029183096076210502,0.07755884351561582,0.09167662315600311,-0.06235686536589857,-0.011489416607364356,-0.03154373000262256,-0.038325678817945796,0.007159916847488068,0.06529555609268756,0.0002864027950990611,0.059735817098371724,0.024003434154202807,0.06280492137827332,-0.005555082368887021,0.1882520859073269,0.08485799880023559,-0.05610815644753897,0.01822598320548141,0.11566387255270993,0.12831319950716868,0.0867111623347474,0.015481043686931484,0.10726641229302647,0.020635450863784044,0.13928766095898903,0.031999955610795494,0.043299587810136986,0.03538327155116461,0.1019613335116838,0.04051509562680655,-0.04827665191699193,3.95,2.51,-1.29,0.02
2016-08,-0.02348786226936983,-0.019896606945509876,0.13503229796252514,0.030129459389194313,-0.0314978796836638,-0.014071624085632117,-0.009787399312229828,-0.0028728033574594303,-0.03203404732062809,0.007333911736661536,-0.011317620822176466,-0.004739294365366686,0.03529885920235998,-0.06271474059401783,0.08254222624616459,0.07381053510085778,0.029546722927796587,0.004144509355133552,0.011843502596724509,0.04943299776420362,-0.003512490119253364,0.07040576403286014,0.047419825518834724,-0.030032034903768046,0.00897075218696708,0.09013910236782618,0.005078092141775903,-0.05344814104246043,0.01096566285392564,-0.0038054496783610503,0.1338988854403942,0.044209414573799455,0.02676632148838709,0.026109251742076234,0.018422701381358486,0.5,1.17,3.11,0.02
2016-09,0.0023414348961980913,0.030210926046399855,0.010388721995884476,0.07082427799913638,0.017690294313699173,-0.02740320747074121,0.0832214758852472,0.014981286991629261,-0.019475791671168086,-0.04721631252744107,-0.022785824048712877,-0.042063545285677684,-0.08947926071453616,0.010693623394852247,0.05803897050193507,0.0019490842991598534,0.05182503878470479,-0.012920545997685884,-0.09499579671488245,-0.017456388624316976,0.05450103750867186,-0.006051969014896574,-0.06857523431899992,0.0891702699904946,-0.06223677451917997,-0.00011101150277315064,0.08783522227320684,-0.02484930191080148,0.02444549636300697,0.03423879680951414,0.017098567577621404,-0.020259708553165612,-0.011909508131710989,-0.0007354382290467587,-0.0011150580957934864,0.25,2.13,-1.21,0.02
2016-10,-0.0747504872872723,-0.005430542912238878,-0.03548921089095447,-0.025507925227454598,0.08114457823650145,-0.1160025732484048,-0.05981748067361792,-0.03321028056053854,-0.06690560937112067,-0.054949988841828,-0.008244278197649169,-0.027340508040572975,-0.04552748059799394,0.03657796304402683,0.009037053835429854,-0.034755547710578094,-0.07629141902292014,-0.011544443666933413,-0.0639175247411905,-0.08967852191987935,0.029827715752571482,-0.05912514032505767,-0.04467476639183643,0.11067595663110996,-0.07185631079197607,0.06116108735940795,0.02715256288304979,-0.11494251066808081,-0.03721554342075628,-0.08590969781647972,0.01050700102667168,0.03923646591570118,-0.051158427594724776,-0.009567226830849429,0.026172172394784754,-2.02,-4.41,4.12,0.02
2016-11,0.009410141158683771,0.1581903218569065,0.10729026297864497,-0.15195732770062376,0.057080708424377624,0.02822040008092941,0.14497961426855843,0.0987961752229487,-0.07762481609562921,-0.08573126296418765,-0.05183606436673849,0.01873937575109985,0.03522490243823051,-0.08748906153109859,-0.1480890260235901,0.10036277294202378,-0.004875198570478578,0.04542948812262382,0.15718867650548973,0.017038509063097118,0.16379529333974796,0.04206407541141566,-0.017333824009596377,-0.05414630801889164,0.013978506642444044,0.15627617865967336,0.1728696076766305,0.09723916318949066,-0.023471486632467897,-0.018108337174481903,-0.0011697941828595626,0.15433671222732093,-0.19816510096268214,0.10774261403424279,0.02417502621595613,4.86,5.67,8.21,0.01
2016-12,0.03592546265348018,-0.021821055546906054,0.0021739035144614505,-0.013657470408744654,0.03400634431595906,0.01533743597032955,-0.029510252897349654,-0.02124243647700752,-0.019434369700223608,0.026271352431989747,0.055053705746990644,0.014214053156498485,0.020353340476394033,-0.010226960460523848,-0.052363681915034266,0.12503049661768184,0.04524494698285486,0.008180861212871093,0.11420658192700883,-0.06640274416501246,0.06929842308388601,-0.03791470587697243,-0.00025386131581495164,-0.10595315726177501,-0.025450765326142433,0.05807850656570346,0.03351118661063923,0.0002605983402637069,-0.09622654974203104,0.027129991811279508,-0.02849700527644372,0.03911603221577176,0.08572432343179592,0.006707806029920826,-0.02325033804618537,1.82,0.09,3.6,0.03
2017-01,0.07484635084781144,0.0319471165943106,0.061357282744009645,0.11354191096152344,0.04971740658597912,0.04070595616852746,0.031485937735616476,0.038219974620756325,0.11962488651595948,-0.0012673437951397082,0.07713832025329403,0.018961215174475576,0.05886318795266132,-0.02098804110240937,0.04218485754995749,0.023768205512407325,0.015164026195726654,0.03463922170457212,0.03603043511128212,0.04110930651105349,0.04955861182064769,0.052998151720790254,0.050393517164491586,0.21899390920999529,0.1702938634946427,0.029924760836157027,0.029842208351877675,0.130497818408831,0.11753765372921232,0.05104618597065391,0.22877033704631877,-0.017652101722122393,0.017996118755829738,0.05743603796607122,-0.009908164253964458,1.94,-1.13,-2.74,0.04
2017-02,0.047580109419567806,0.09327458815116585,0.05751828381614965,0.1223576745999595,0.102863772775321,0.062108519953344654,0.010453689752429884,0.056665860193698014,0.1142721588418949,0.022459133705022394,-0.023144068283653785,0.013754051862137961,0.028026528513125593,0.06959104985452069,0.1526204737166359,-0.005300540552257149,-0.016838645763810778,0.05785124392328189,-0.032528829241887935,-0.010341583368350227,0.10495120855746465,0.06259073090202794,0.14308152674188057,-0.04082988816479893,0.025104556133553446,0.05620126451863472,0.039843976859699426,0.01556895268004821,0.07730072301495294,-0.009882882387979963,0.03346413523339131,0.04394896415563676,-0.0036629963192029713,0.00012598053194889935,0.05418592481964679,3.57,-2.04,-1.67,0.04
2017-03,0.030604283005330135,0.00024406985221436805,0.07399227539627784,0.10480831886303932,-0.01869830326291555,-0.04761558782501618,-0.0403476244374249,-0.03832277872089129,0.010780172145113065,-0.02581287892516626,0.0646155963509718,-0.07102948193259018,-0.07301849735831667,-0.018809762707717503,-0.10923533720128675,-0.00021319697400146165,-0.003591189651253379,-0.07533485645498827,-0.08242949518682618,-0.0731475450133976,-0.0698962105338049,-0.03537269420038214,0.027487114961163295,0.006327692859458889,0.06802721323812455,-0.054939914397032275,-0.0056269851605004195,0.00534779669144303,0.009809255120775129,-0.009553660276418463,0.03343535365435213,-0.07299876334827571,-0.013586992809454301,0.024697624398159368,-0.03855052451426644,0.17,1.13,-3.33,0.03
2017-04,0.0412332201478649,-0.07016473720714811,0.043958843634878786,0.047934202976167795,0.04506389909079678,-0.043878899080877276,0.10241483162158604,-0.05938677594662878,0.04406398113271992,0.05019111390326425,0.043285004623713874,-0.014604817120255964,-0.010005512816882889,-0.05908231234434613,-0.06795214808049399,-0.014390774003355977,0.002217960402870922,0.0794896231615767,-0.012158075073652852,0.06730438273129447,0.04575898392810385,-0.019043168655616505,0.032204930289048805,0.0801417861941367,-0.03736726918367583,-0.004075165273411674,-0.045001400058633845,0.07895157819923959,0.026388227040594625,0.06248206197076289,0.01796279288156799,-0.03400448393334021,0.041322364115857546,0.09136740582461544,0.042022850518073085,1.09,0.72,-2.13,0.05
2017-05,0.09609447754480671,0.12545939069370027,0.12977100168819833,0.12114836040296062,0.015149072250278728,-0.04170615199791006,0.03099939470685964,-0.07826678199261328,-0.023790379518275562,-0.06804949592691778,0.055805594631010536,-0.03051441790074083,0.014884282839226604,-0.023380118585608622,0.02231822240404102,-0.003893582240063198,-0.0011065259706478647,0.1232329719511136,0.07401712531717419,0.00800256087809359,0.06883669242005697,0.044601381919797234,0.014055060470480774,0.10764180575358728,0.0,-0.008768292707789671,-0.13487581728331333,-0.008694883846637413,0.06423723794886582,0.050948432945171485,0.06707441933720348,-0.03543304234561295,-0.10768754674131897,0.00957743469865413,-0.06378558139661994,1.06,-2.52,-3.75,0.06
2017-06,-0.01706991674995384,-0.09281715119162581,-0.09960766321778025,-0.017241415238315017,0.05393591032259537,0.01401250372995766,0.019254470012528557,0.02492162536497511,0.09982101437651947,0.047247132199738306,-0.026870152243966827,0.006294936649695826,0.0029572709708196587,-0.0027359755243594464,-0.0005543459421125663,0.08686210784517989,-0.06563275801234314,-0.055674074694506914,0.003660664261235791,0.04636395688895378,0.03411548064328396,-0.015665847805847455,0.01238567251801892,0.012900128566049274,0.08204678447692504,0.05197983114549021,0.0737116220737346,0.05784128485658613,0.02226740416591344,0.050799414200983106,-0.09846850819208297,0.09027606683752354,0.092256730056681,0.0199777674800663,-0.0334485213127268,0.78,2.23,1.49,0.06
2017-07,0.008093062403004447,0.0155526868510234,0.07262163883489126,0.07312834995292095,0.22609358641652189,-0.01715162606514309,0.060394546054926446,-0.04470005359905127,-0.005758626693655455,-0.006587108940188324,0.05026099156528452,0.0026810266104120295,0.006258325856055125,0.09430727072668543,0.05443443921545632,0.0022977358685281057,0.051274435571247556,0.03313010493304325,0.05058671990546615,0.048861929380056734,-0.1066945789062832,-0.0032766513221068605,0.05786968839786044,0.04198110328530369,-0.004484329689050881,0.03147273339259504,0.024605146365260788,-0.03900728044599355,0.05205829549121033,0.00429445980516685,0.09296514936995282,0.04206121677670427,0.011655748519665332,-0.038406886046963296,0.030136645178487464,1.87,-1.46,-0.22,0.07
2017-08,0.0824552639184768,0.058979824157959104,0.018280242236281996,0.06118483091591753,-0.011548308893112313,-0.002563933327258905,0.031066265996788633,0.07651267484174329,0.11873584138236715,-0.032403402444594276,0.039225239599848916,-0.016934093541508544,-0.06004071565380931,0.020996615068831215,-0.054517910161996475,-0.032692103253621485,-0.011277178238308982,0.030901465103903902,0.013584928692511822,0.0026041709783450884,-0.06070976461509803,-0.00031304022829781175,0.05195047104772499,0.05196926801051771,0.057330041529743525,-0.02631987041402617,0.06522385985166212,0.005929944526675612,0.004818057886635252,0.06487483551593676,0.004672431114106201,-0.025993228025545934,-0.0009469913622635051,-0.028334124134967498,0.010288853971664125,0.16,-1.65,-2.07,0.09
2017-09,-0.00803467649340206,0.02987928833166742,0.15447698106609797,-0.01601579410409304,0.060711019066291394,0.018905462754098767,0.06145204997854181,0.07744586483667759,0.08913897923422165,0.05146112678290504,-0.047202270865866924,0.08522217196866655,0.1458837574949412,-0.053713990454124616,0.07651109183494009,0.0763523523926426,0.08582840497357336,0.004878066145584503,0.12896494171154083,0.03867244137311476,0.07364787490485214,0.002662050767586299,0.01998081234911453,0.011532802390346486,0.05848180661227986,0.07463519924271833,0.04007789074528767,0.05532468205345609,0.01282962291224865,0.014226684392724342,-0.03283977851583941,0.01844214517915055,0.11295415161704292,0.04426754981409409,-0.05251532244536039,2.51,4.45,3.09,0.09
2017-10,0.059657352229197436,0.05953353825950636,0.08331733806632124,0.01519137645460833,0.0148302748628788,-0.013834610890625654,0.0889263415018815,0.03193167350722281,-0.03203470684777798,-0.15727989379642593,0.03853912766632228,0.025062672016909593,0.05418907597446876,0.06876421811481315,0.06784260328322755,-0.06758565594936117,0.19459032277065624,0.06247365218055001,-0.009365507285815422,0.04723525615335866,-0.037870649325126404,-0.1396220275122254,0.003934979285443507,0.07521487330128629,0.10611048761894848,0.014988416929839321,0.009633412380014805,0.10364759816623481,0.0010236303794284307,0.05576923325880867,0.11736995981727483,0.04899878822001291,0.034918478643434,-0.006392343260704925,-0.14180269884146235,2.25,-1.93,0.22,0.09
2017-11,0.017786257624347934,-0.05684558891486613,-0.06485911443591497,-0.047182721616793266,0.07295129857033,0.03465915941298103,0.03939610253681303,0.10340001111425878,0.08989002170960658,0.11775864349296028,0.002135901260787554,0.020374897365371902,0.052720335087420356,0.03611528373763906,0.10044164346580486,-0.019096515207521536,-0.014288887709287379,0.04105414364216631,-0.08242336801304662,0.045900758961831434,0.1264388689458149,0.003267327379324003,0.09662573516457873,-0.02666774292424534,0.12901096873752693,0.027560526774608185,0.004505751012593429,0.010806073040851905,0.05758288768801889,-0.03610846116431443,-0.08009839010797337,0.003655493183243097,0.12810308419644922,-0.011060912326860683,0.09793278741388156,3.12,-0.56,-0.05,0.08
2017-12,-0.03278447014878094,0.03391009346473384,-0.0312677944204216,0.014743560039237602,0.06542636079408326,0.03708726772804383,0.11640105309972348,0.028159201027630587,-0.01185227865488292,-0.05352478532367411,-0.024263147216552983,-0.0023962208904636517,-0.035621423864537816,-0.10310482171485724,0.05806344005117192,-0.09315471468069103,0.029437994878062756,0.003561872244280284,-0.06936592881535031,0.03170979345668101,0.07878686209922403,0.018093041537366794,-0.016783186355346258,0.060081295850800354,-0.025783798434666494,0.026536680366575638,0.03192609593027185,0.026588503097199512,0.023688652829067847,-0.027678944965655372,-0.09346955427916603,0.006070478811679214,-0.014346508269614366,0.017918340602237404,-0.0019241256945857765,1.06,-1.32,0.03,0.09
2018-01,0.09646108655700014,0.03201166475567607,0.049100199308981685,0.1707201138770278,0.20162080199627241,-0.048604166378185654,0.032999091812533576,0.026602344191297922,0.06304520998721652,0.08537934401939662,0.004346677585713499,-0.12169732041182235,0.041139282841643254,0.07446115689599009,0.1042977087154704,0.033587300122454256,0.0428942709874669,0.06413991124022878,0.11289577114052007,0.03343989848984119,-0.07104656880058924,0.052958913927670936,0.10028445329696978,0.14172862806996966,-0.04270676921184802,0.09515567000617264,-0.015852695530786165,0.017242276270281964,0.06906737088893178,0.039442058992742,0.023802024316676995,0.11001603523147518,-0.061181683768888884,0.060993321636715114,0.036353611812176556,5.58,-3.18,-1.36,0.11
2018-02,-0.06591316828503413,-0.01882886133276096,0.07383925052403195,-0.013489815689341489,0.022123758912765634,-0.03912372786120333,-0.05006753874924419,0.020774125791582998,-0.054270792715023664,-0.13928070586392005,-0.1386014543366686,-0.03281682785674789,0.012407146365459809,-0.01732521788413477,-0.0591529756433824,0.036292572744208274,0.02388869008017047,-0.00619412343024861,-0.13240863407545944,-0.06067093293175696,-0.04868419607920638,-0.08489450624976347,0.016447666560323926,0.08154765760616889,-0.11812756009721181,-0.0022781964347428074,-0.10522221031815604,-0.037232381761578504,0.05908336050594132,0.004179552248850582,0.12385558099907956,-0.015220151721137665,-0.022730302759954246,-0.0616084005182046,-0.08463994905356886,-3.65,0.26,-1.03,0.11
2018-03,-0.024639085905274083,0.010870723360528523,-0.03438096087845477,-0.07753313799940431,-0.09477923685747713,0.03659458545983907,-0.046886113762296455,0.0037489125089218422,0.05373698162129825,-0.08150013286387725,0.06641165044523678,0.044297858834804194,-0.018505732071936065,0.051964008516225624,0.012854536179503828,-0.0020474400340296794,0.05660379110783165,0.0388949147154769,0.0003230048183964218,-0.038753768921908405,-0.009681904768562788,0.004610818841728426,0.05617578227977216,0.027575943064936492,0.05058781944182833,-0.040720525306496835,-0.002613244952863969,-0.023556966658531575,-0.0038582141886847054,0.022562951694820255,-0.08228830996585379,-0.04250225618117842,-0.015998855283058444,-0.03704946935810216,-0.04964433443527083,-2.35,4.06,-0.23,0.12
2018-04,-0.017339366751145002,-0.04147919338552486,-0.10681536371536282,-0.01645420434947875,0.017323388407937124,-0.014689153876502603,-0.020491275426827826,-0.017927652562042873,0.016000739595071645,0.1224883918778894,0.006337575461923706,0.014440419540959093,-0.05169991802857854,0.011467310308532763,0.02360493224344129,0.0028074952436767386,-0.008832620641261668,0.06599357819339113,0.009041029798304567,-0.18260870002256657,-0.07768849586377058,0.08077844348294283,0.0024085141326786186,0.004170459076056066,0.02950155462820514,-0.03722563262580003,-0.053857308771494194,-0.06237888151191362,-0.012875491921450988,0.012424978846735657,-0.13464990736442017,0.014604118143019429,-0.04221893515796671,-0.018945181342061357,0.014968622411284827,0.29,1.1,0.48,0.14
2018-05,-0.05810769423418993,0.11253579854345386,0.022347506568775266,0.06872653041230814,0.05576210049062702,0.002965101475154386,0.05229982695924451,-0.05465607786608406,0.07902009289339262,-0.0922240050485329,-0.056892991647282676,0.02758010906844177,0.06292630668963684,0.0005812977377737116,-0.03825739445427523,0.07246684105203993,0.06935300087430618,0.09096819864782302,0.102719970703125,0.024177949353069383,-0.033125117155898165,0.011211164456647493,0.08502973595054364,0.06903816818851971,-0.0036232084367632256,-0.015108831392215416,0.1079999483548677,0.03152370215105105,0.04718978583489286,0.09860347043831497,0.1365836581644413,-0.0056818038143071625,-0.037517793304787106,0.04350931619860687,-0.06109853641913754,2.65,5.31,-3.13,0.14
2018-06,-0.0012919576667161925,-0.012965652729714616,-0.09038992246804156,0.07629383377969923,-0.04727962779231376,0.029974555526825153,-0.10690543809929998,-0.03839076250448992,0.051638743882353566,0.015144330236883219,0.08325565840183868,-0.04155848380813787,-0.014476834400497185,0.0432888366569153,0.056684160757442204,-0.028212827325734047,-0.09945655077151216,0.013442417524961003,0.0573128944077157,0.004091884132624735,-0.003915441577330925,0.019653904321360827,0.01759233082802747,-0.02893980841160393,-0.04958677685950408,-0.05794573144404258,-0.07247978109717312,0.07467377925410168,0.03235442728935922,0.01126739059709414,-0.019876270888765313,-0.03923812139601934,0.020453493826149804,0.025017112270989683,-0.03798684011973219,0.48,1.13,-2.33,0.14
2018-07,0.0679172178618388,0.0022935907516974385,0.052825341284927774,-0.037997923709053305,0.061965298865052754,0.0008770579808443646,0.059924854371181446,0.10243843317814338,0.057787539968250146,0.00792544131039219,0.021842759335869877,-0.09304424221915453,0.016456306947978838,-0.01336673751812667,0.030144819784025723,0.021386503515283595,-0.03238786240200231,-0.00034257778016766327,0.024838719505587692,0.050783725975105165,0.14308173401079194,0.08517302517100989,0.004594147369120005,0.02023543496528446,-0.009043486221976926,0.07202069051043414,0.020059824501091228,0.08136022417244093,-0.01692087379748819,0.09008664786236364,-0.02141748227774165,0.007335502709274522,-0.16267243567844047,0.0978491586711685,0.12662449568234369,3.19,-2.25,0.45,0.16
2018-08,0.02271350665059302,0.028188049736605825,-0.1153608983576564,-0.01797874867535132,-0.03791742832137557,0.0391938040053319,-0.034422787504813424,0.04174344935477725,0.12391616411867634,0.16003695892289804,-0.0071708111119054285,-0.05577693443669529,0.13920341028175343,0.05503812436192912,-0.015023016160534253,0.02761476543277719,0.0068607451460156454,0.07456911142733391,0.045125906973897845,0.02983293515344765,0.05398898552074449,0.041293411466999386,0.08466208471469483,0.11593540076215891,-0.01895398429332862,-0.008907053294293865,0.01526270802528562,0.03369407681472181,0.032977452254241646,-0.0004368223222205314,-0.03467962270878189,0.01672895987300449,0.08950563245164522,0.028220447815072713,0.013901135371652051,3.44,1.14,-3.98,0.16
2018-09,0.04441812199191575,-0.06464339391286222,-0.10158063424883401,0.1538142052980167,0.08492075213956451,-0.05642009032220785,0.09823549722770286,0.019150669263371167,-0.011605659460861006,0.04625203954995505,-0.007428955123703451,-0.024261556259745465,-0.024761291646952066,-0.005618054926944671,0.06596795397377075,-0.055025066831365654,-0.023539115888186468,0.03613246745192611,-0.04330563421722222,-0.08256084425481958,0.018760220884042722,0.03426161939051542,-0.01581044564282663,-0.0037176396683132884,-0.11377460530850259,-0.051205177570790905,-0.03498118181945509,-0.0008121743151354721,-0.05631491663970001,-0.000174765280426592,-0.006462255723591603,-0.06039486916570447,-0.05222102407704943,0.00997138162404343,0.06330227715623882,0.06,-2.3,-1.7,0.15
2018-10,-0.08151403353234576,-0.09463551899893363,-0.14928849236655917,-0.16997234012113116,-0.04581879221451357,-0.018929192225046187,-0.20440687701160298,-0.09078839415734219,-0.0998756152576088,-0.08041160737926811,-0.12508956682227768,0.0324324530524176,0.00022344907008431392,0.0029593924070587807,-0.12205933113407819,-0.05218752225240075,-0.0086699056771955,-0.07211958811199393,-0.09053160134731819,-0.13893273154185493,-0.21377105085226566,0.0376373899477187,-0.15235893253673294,-0.07457962087880887,-0.008074314059076548,-0.05653863580445262,-0.06530857505748044,-0.13562972397818474,-0.06689181691108659,-0.04449304107862029,-0.04354533114440662,0.01277294850001609,0.0065513085443580366,-0.062170015356104114,0.09423861417545654,-7.68,-4.82,3.43,0.19
2018-11,0.11668463423006292,0.09807668348183651,0.13381987737976253,-0.2776249259434981,-0.022825835316181986,0.08645242321405622,0.11828221653658066,0.03706619226108754,0.09154383061152704,0.10788779699465723,0.017267805654413992,-0.0146597215211135,0.04795321438033162,0.014753301227661275,-0.03314505285843505,0.08968022698853728,0.051834476318485256,0.016729852034582438,-0.027094741099414676,0.020902078667253576,0.11222000626200823,0.07784272238585999,0.04462023698102047,0.023365063760484306,0.07936511140251379,0.05673587807979863,0.12499992358379064,0.07776968437957477,0.002961788418385458,0.08937887193002547,-0.16124948304170128,0.03946295021827817,-0.016188208205062615,0.0790076572968601,0.06142662319272918,1.69,-0.68,0.26,0.18
2018-12,-0.06758810632729373,-0.0662532251871617,-0.1217810421000155,-0.06635928834024962,-0.06996195951783002,-0.14214934702964754,-0.06338909552730887,-0.08924515682607281,-0.1894551630807887,-0.1830424047852478,-0.08492525260686168,-0.18703504575812546,-0.14653076807298393,-0.0074016013862385766,-0.039710408056640834,-0.1235501745988643,-0.04826609210772348,-0.08241268249840428,-0.050552446920164584,-0.1476293314592354,-0.14887385052645752,-0.03692973995336668,-0.0614934361659244,-0.03897015736063392,-0.01998494259038941,-0.13897477748441922,-0.14245009430236355,-0.07218151304988552,-0.07065513576408644,-0.10270409110578427,-0.07901608169921315,-0.15225046989457247,-0.09414756853658446,-0.11872102176292565,-0.19298448909006471,-9.55,-2.42,-1.9,0.19
2019-01,0.12733477740681343,0.15181170338251593,0.19364690982156318,0.014386987073934598,0.19572091509205425,0.17165696616236525,0.04792637114906051,0.03187061983457573,0.13243715410489876,0.00045797329409014154,0.11754028457105137,0.15032680797792808,0.09243991180049593,0.043941452980121865,0.08663577553378232,0.1119677279250848,0.004048553707084235,0.09636779594879741,-0.06296828936336762,0.10493046014123553,0.2211703717844371,-0.025912836908160597,0.15492106580313014,0.2357203061013302,0.07002692231058516,0.049268619676750225,0.1740863689272254,0.07131600945404237,0.1277509188136179,0.06747776497365976,0.08982400140247915,0.12650045200464466,0.15955049437475033,0.09656910170345667,0.057515003656705144,8.41,2.9,-0.44,0.21
2019-02,0.044575927069210985,0.08193403220829998,-0.01893555895073573,-0.10795940109255053,0.14091591988474828,0.006218301012979044,0.03139075218402576,0.04160424974085819,-0.06732027304781707,-0.11777270574049348,0.0748730964467006,-0.003409060491018745,0.07565289720868096,0.03954079609421712,0.15593876220907288,0.08641215296340365,0.12393888550443344,0.14507458296745335,0.05648179251057717,0.056445518243440906,-0.012684944103190876,0.09216721741419986,0.08486519401925752,0.08826469317261099,-0.029126194947768802,0.02730902848394412,0.00848894272114431,0.027709188884526892,0.045499616480097815,0.06049449126398865,0.11801756076853409,0.044467254458368854,-0.004198939425414938,0.05517789506486559,-0.014807634420034632,3.4,2.04,-2.68,0.18
2019-03,0.011832764138005158,-0.015800322137919598,0.034428786895430497,0.08044611862242168,-0.13305750332827926,0.008968290146288416,-0.013470153590037448,-0.03750829268276212,-0.12793563793090923,-0.06743906972841573,0.07003542777357596,0.0011401681511507,0.05570441044994445,0.021104309456480008,0.057055888324082815,-0.043055859477284075,0.013972841602328367,0.05778334680998509,0.12399363553681142,0.024548677945775976,-0.07369737688514044,0.02312705969950324,0.07643999038478211,0.029443714416445665,0.03555552164713549,-0.02666237954658679,0.05892262415212901,-0.00574782969077281,0.05080604972124925,0.05844907199351801,0.010041631864446066,-0.087110110556615,0.12601363083022754,0.02264122607771224,-0.11125160432690284,1.1,-2.98,-4.05,0.19
2019-04,-0.02338886934134632,0.10420824138428109,0.11119515543063896,0.05886229688181799,-0.009779274435044338,0.027935390633191837,0.029005775455367644,-0.06885846661532458,-0.029001829474262886,0.008344163923475145,0.0033983770246197587,0.1902050258638004,0.111169252707779,0.01009368331614069,0.058234381290406256,0.05136376377796448,-0.04953444710652377,-0.0395929993440256,0.11547273934382396,0.06060610541105693,0.04469273168260046,-0.05362506542033796,0.13347419550250939,0.10150514712514314,0.1251788309944435,0.11633775140738867,0.0757815757407907,0.056000507598891414,0.04801710027933992,0.023041451037795424,0.06910762265097592,0.10036540094904223,0.08036874271248884,0.13580356346541955,-0.15331121689203642,3.96,-1.74,2.17,0.21
2019-05,-0.14585983373556932,-0.16878867410322618,-0.12207853654119916,-0.10039411417758659,-0.09552812321380177,-0.0493387118663311,-0.1406541447991464,-0.016913614155333767,0.12005427583086736,-0.03696215698327743,0.06837474269460753,-0.08899515487808074,0.008446069275688917,-0.018796029592539898,-0.010500174837237641,-0.08142402840255492,-0.1371473329631243,-0.024735089283304923,0.005394273897417312,-0.1478405550346431,-0.12225707401954788,0.006352397025728429,-0.02382647200122623,-0.03528421327122888,-0.014621713218666121,-0.07061995951790556,-0.1438423736964023,-0.07778731556928886,-0.03072599776477347,0.020613811546143612,-0.24438651595800598,-0.08691407610604052,0.011731732147130858,-0.03482586585823533,-0.07896209756082972,-6.94,-1.34,-2.37,0.21
2019-06,0.1136464544424467,0.16818463608018108,0.16076509282709694,0.08830993602443793,0.06557192522054023,-0.013987631318830296,0.13755108975341912,0.059274160285124555,-0.09194807572798291,0.04048124479321502,0.03808229826589615,0.07457973217781144,0.030050269535362828,0.038069826162106635,0.08768062971093937,0.006493557046082676,0.08696634733736053,0.06730643274635129,0.10922334165926273,0.037426939808909765,0.06680673124190672,0.0585784841196233,0.08535975295755649,0.04825722522003573,0.020000027072045068,0.07873641737283732,0.09867665336022058,0.09259747736146084,0.06503641334280763,0.113704466186622,0.15968782572781248,0.050909113756475666,0.06390826871956268,0.07039037825200944,0.10802590190259376,6.93,0.25,-0.71,0.18
2019-07,-0.07044321194350223,0.040666219776712254,0.09930971052385029,0.03262713751344948,-0.06271810246246612,0.030620131381722482,-0.03389827092799169,-0.007350268267968252,-0.0066742655089016,0.025325696658279107,-0.004342744064522064,-0.06842618187567517,-0.03231438387952801,0.02709646835320667,0.011821282720553272,0.017511511088092346,0.055984966888952936,0.061148784324102756,0.010710587188346388,0.012025542558602442,0.014769594683522902,-0.010256401943318227,-0.04836880990707537,0.010270631347176984,-0.0034788300895639557,0.040938193233980735,-0.02016235887542439,0.11946583817926149,0.07533256142886957,-0.0001343650712308797,0.10366251435510088,0.048849942173911476,-0.015357913011859958,-0.023762538583691484,-0.003292418081344617,1.19,-1.94,0.42,0.19
2019-08,0.024492102846123354,-0.06495826079421962,-0.02734451090395351,0.0381616071317461,0.06714931752718711,-0.034072951359753856,-0.09622539944664144,0.009076728488784935,-0.10501058177538458,0.09038838971909358,0.1079068363567981,-0.03777541099311321,-0.018788285915713354,0.04616781266635628,0.05007558783949162,-0.09702092723864297,-0.06211670498594901,0.03984705885201256,-0.05104835059118673,-0.024507977717522,0.015330893348376007,0.041932753289865454,0.03252067950627979,-0.056058320377014526,0.07267530915724074,-0.097760684516354,-0.09406725855982634,0.02672301568677482,0.06221680213527114,0.03721613101852683,-0.11737807551025159,-0.07529589259328351,0.17031447692487234,-0.020782750944977724,-0.06056162507078611,-2.58,-2.32,-4.95,0.16
2019-09,0.07762616503567932,0.01729947641084051,0.03915037588907988,0.04584979772303277,0.04498889024023378,0.009655859763622932,0.061428550912552504,0.003432369781745548,-0.07207208681537658,0.035292212582089366,0.03688782162830928,-0.0010905374916722055,-0.10702339486610635,0.04847825091818114,-0.03894100319994809,0.07779754383160231,0.08690147532471793,-0.07774997936285188,0.05667628830317062,0.19718310677245987,0.03230119718208191,-0.02648323470360825,-0.07194307859833748,-0.03051478134022101,0.08136094858205545,0.08710161812052619,0.11504417509257103,0.04389178127560123,-0.0584573064727667,-0.0641838652530281,0.052876358900438625,0.1200419144351823,-0.0741616665733219,0.017507617940005105,0.08048452543681783,1.43,-0.97,6.83,0.18
2019-10,-0.01148371766878431,-0.04564580641086269,0.087374682611846,0.058767965191967475,-0.10660498180792366,0.05815203665875135,0.0909667145534856,-0.10780843974110088,0.22699962761287162,0.05263991931011014,-0.017371634376126655,-0.06222704195625672,0.04342101081925187,0.00186606165129799,0.025943240369186382,0.09989662840713232,0.09703085811072909,-0.03173649080215302,0.05874997919256031,0.08076314320858358,0.03925204244520053,0.02946073922974901,0.07719861106128012,-0.02596025778306421,0.07359787955012242,0.04666090978350068,0.11243386470318062,0.04082785572838965,0.05310635453396517,-0.02020899756338823,0.14902205121253953,-0.005995872235872279,-0.03889016134035017,0.02986771399736865,-0.009582400665968493,2.06,0.28,-1.93,0.15
2019-11,0.06627058274675113,0.05927037285581127,0.06708446953455138,-0.021417043983331108,0.07728513056587127,0.009766737373880119,0.05029022149715301,0.015996815100956407,0.13922379681089025,0.13375504345617673,0.0001234099393891963,0.05471481474737949,0.024179510573987928,-0.013038101657577572,0.04316501989783017,0.03328319758567977,0.026888386530804942,0.005398115139563009,0.04389829395369049,0.03795225175429495,0.026901804610706792,0.006000394521211261,0.10500513787164345,0.14470603750295208,0.010448517580902594,0.04437634561043535,-0.009750293813341138,0.018888030661976085,0.025814969239926766,0.06759900805481212,0.07950807914864466,0.031479773942690636,0.08575913027667914,0.033257166479898626,0.08798831329375378,3.87,0.8,-2.02,0.12
2019-12,0.05620900215695479,0.05214696369002514,0.05423142153536875,0.08371322605520937,-0.11038282734891103,-0.004908277094952895,0.020382761247334624,0.017566668847439182,0.0396890633823892,-0.013019739222073334,0.02972574287169416,0.026490039735375337,0.03331405391803277,0.019081565812888446,-0.06255705515128285,0.06869877449988415,0.03100773920271438,0.0117423533366936,-0.09860172482674423,0.011904818542370466,-0.06349756915627947,0.04324386441807748,-0.0038967929168229887,-0.00254381429821382,-0.021437635715185976,0.04190325623400826,-0.02233430160440819,0.0007031346838513031,0.031740011676591795,0.008468961125221108,0.22970491862315745,0.029239737544372257,0.012793431234702446,0.013805209210613567,-0.010738245067679508,2.77,0.72,1.79,0.14
